Rk,Player,Age,Team,Pos,G,GS,MP,FG,FGA,FG%,3P▼,3PA,3P%,2P,2PA,2P%,eFG%,FT,FTA,FT%,ORB,DRB,TRB,AST,STL,BLK,TOV,PF,PTS,Trp-Dbl,Awards
1,Stephen Curry,25,GSW,PG,78,78,2846,652,1383,0.471,261,615,0.424,391,768,0.509,0.566,308,348,0.885,46,288,334,666,128,14,294,194,1873,4,"MVP-6,AS,NBA2"
2,Klay Thompson,23,GSW,SG,81,81,2868,559,1259,0.444,223,535,0.417,336,724,0.464,0.533,147,185,0.795,38,211,249,181,74,37,135,234,1488,0,
3,Damian Lillard,23,POR,PG,82,82,2937,553,1304,0.424,218,554,0.394,335,750,0.447,0.508,371,426,0.871,35,253,288,457,64,22,193,197,1695,0,"AS,NBA3"
4,Gerald Green,28,PHO,SG,82,48,2330,448,1006,0.445,204,510,0.4,244,496,0.492,0.547,195,230,0.848,48,227,275,122,70,42,145,220,1295,0,
5,Wesley Matthews,27,POR,SG,82,82,2780,445,1009,0.441,201,511,0.393,244,498,0.49,0.541,252,301,0.837,51,238,289,197,76,14,110,176,1343,0,
6,Kevin Durant,25,OKC,SF,81,81,3122,849,1688,0.503,192,491,0.391,657,1197,0.549,0.56,703,805,0.873,58,540,598,445,103,59,285,174,2593,3,"MVP-1,AS,NBA1"
7,José Calderón,32,DAL,PG,81,81,2468,341,748,0.456,191,425,0.449,150,323,0.464,0.584,52,63,0.825,29,163,192,377,69,11,103,136,925,0,
8,Kevin Love,25,MIN,PF,77,77,2797,650,1421,0.457,190,505,0.376,460,916,0.502,0.524,520,633,0.821,224,739,963,341,59,35,196,136,2010,3,"MVP-11,AS,NBA2"
9,Kyle Lowry,27,TOR,PG,79,79,2862,457,1080,0.423,190,500,0.38,267,580,0.46,0.511,313,385,0.813,88,281,369,586,121,15,194,267,1417,2,
10,J.R. Smith,28,NYK,SF,74,37,2421,396,955,0.415,189,480,0.394,207,475,0.436,0.514,90,138,0.652,35,261,296,219,65,20,108,196,1071,0,
11,Randy Foye,30,DEN,SG,81,78,2485,361,875,0.413,189,498,0.38,172,377,0.456,0.521,157,185,0.849,36,196,232,287,67,39,145,205,1068,0,
12,Kyle Korver,32,ATL,SG,71,71,2408,289,609,0.475,185,392,0.472,104,217,0.479,0.626,87,94,0.926,22,260,282,208,70,24,102,147,850,0,
13,Paul George,23,IND,SF,80,80,2898,577,1362,0.424,182,500,0.364,395,862,0.458,0.49,401,464,0.864,64,478,542,283,151,22,224,198,1737,1,"MVP-9,DPOY-7,AS,NBA3,DEF1"
14,Trevor Ariza,28,WAS,SF,77,77,2723,389,853,0.456,180,442,0.407,209,411,0.509,0.562,149,193,0.772,99,376,475,191,126,20,132,179,1107,0,DPOY-15
15,James Harden,24,HOU,SG,73,73,2777,549,1205,0.456,177,483,0.366,372,722,0.515,0.529,576,665,0.866,61,283,344,446,115,29,265,177,1851,1,"MVP-5,AS,NBA1"
16,Carmelo Anthony,29,NYK,PF,77,77,2982,743,1643,0.452,167,415,0.402,576,1228,0.469,0.503,459,541,0.848,145,477,622,242,95,51,198,224,2112,0,"MVP-15,AS"
17,Joe Johnson,32,BRK,SG,79,79,2575,462,1018,0.454,162,404,0.401,300,614,0.489,0.533,159,195,0.815,48,222,270,216,47,10,120,129,1245,0,AS
18,Jodie Meeks,26,LAL,SG,77,70,2556,413,892,0.463,162,404,0.401,251,488,0.514,0.554,221,258,0.857,30,164,194,138,111,4,111,119,1209,0,
19,Jamal Crawford,33,LAC,SG,69,24,2094,421,1011,0.416,161,446,0.361,260,565,0.46,0.496,279,322,0.866,34,124,158,223,59,12,135,120,1282,0,6MOY-1
20,Terrence Ross,22,TOR,SG,81,62,2159,318,751,0.423,161,408,0.395,157,343,0.458,0.531,82,98,0.837,43,209,252,79,64,27,88,183,879,0,
21,Channing Frye,30,PHO,PF,82,82,2312,336,778,0.432,160,432,0.37,176,346,0.509,0.535,78,95,0.821,73,343,416,98,60,63,89,245,910,0,
22,Brandon Jennings,24,DET,PG,80,79,2728,423,1135,0.373,154,457,0.337,269,678,0.397,0.441,241,321,0.751,59,185,244,609,101,8,215,157,1241,0,
23,Vince Carter,37,DAL,SG,81,0,1973,330,811,0.407,146,371,0.394,184,440,0.418,0.497,161,196,0.821,67,217,284,212,61,35,108,209,967,0,6MOY-6
24,Martell Webster,27,WAS,SF,78,13,2157,254,587,0.433,146,372,0.392,108,215,0.502,0.557,105,125,0.84,38,184,222,97,41,15,58,150,759,0,
25,Nicolas Batum,25,POR,SF,82,82,2956,381,819,0.465,145,402,0.361,236,417,0.566,0.554,163,203,0.803,116,495,611,420,75,57,208,156,1070,2,
26,Bradley Beal,20,WAS,SG,73,73,2530,481,1149,0.419,138,343,0.402,343,806,0.426,0.479,149,189,0.788,54,219,273,243,71,18,128,153,1249,0,
27,Jameer Nelson,31,ORL,PG,68,68,2179,294,747,0.394,136,391,0.348,158,356,0.444,0.485,96,112,0.857,29,202,231,476,52,5,166,146,820,0,
28,Mirza Teletović,28,BRK,SF,72,7,1396,221,529,0.418,136,349,0.39,85,180,0.472,0.546,44,62,0.71,60,206,266,57,29,23,54,143,622,0,
29,Jeff Green,27,BOS,SF,82,82,2805,482,1171,0.412,135,396,0.341,347,775,0.448,0.469,283,356,0.795,54,326,380,138,57,47,165,180,1382,0,
30,Nick Young,28,LAL,SG,64,9,1810,387,889,0.435,135,350,0.386,252,539,0.468,0.511,235,285,0.825,29,137,166,95,46,12,95,156,1144,0,6MOY-8
31,Patty Mills,25,SAS,PG,81,2,1527,309,666,0.464,135,318,0.425,174,348,0.5,0.565,73,82,0.89,34,135,169,149,68,9,63,114,826,0,6MOY-13
32,D.J. Augustin,26,2TM,PG,71,9,1939,298,718,0.415,133,332,0.401,165,386,0.427,0.508,201,227,0.885,15,115,130,313,53,3,125,147,930,0,6MOY-7
33,Danny Green,26,SAS,SG,68,59,1651,218,505,0.432,132,318,0.415,86,187,0.46,0.562,50,63,0.794,25,204,229,104,65,61,76,107,618,0,
34,Dirk Nowitzki,35,DAL,PF,80,80,2628,633,1273,0.497,131,329,0.398,502,944,0.532,0.549,338,376,0.899,40,458,498,216,73,45,117,165,1735,0,"MVP-14,AS"
35,Chandler Parsons,25,HOU,SF,74,74,2783,466,987,0.472,130,351,0.37,336,636,0.528,0.538,164,221,0.742,69,340,409,298,88,29,144,168,1226,0,
36,Tim Hardaway Jr.,21,NYK,SG,81,1,1875,294,687,0.428,130,358,0.363,164,329,0.498,0.523,106,128,0.828,19,102,121,66,44,7,47,144,824,0,"ROY-5,6MOY-13"
37,Arron Afflalo,28,ORL,SG,73,73,2552,464,1011,0.459,128,300,0.427,336,711,0.473,0.522,274,336,0.815,32,230,262,248,35,3,146,136,1330,0,
38,Spencer Hawes,25,2TM,C,80,78,2470,403,883,0.456,128,308,0.416,275,575,0.478,0.529,119,152,0.783,131,529,660,240,44,94,173,237,1053,0,
39,Isaiah Thomas,24,SAC,PG,72,54,2497,496,1096,0.453,127,364,0.349,369,732,0.504,0.51,346,407,0.85,47,163,210,454,93,8,213,185,1465,1,
40,Marco Belinelli,27,SAS,SF,80,25,2016,337,695,0.485,126,293,0.43,211,402,0.525,0.576,111,131,0.847,18,208,226,179,50,7,95,130,911,0,6MOY-11
41,Kyrie Irving,21,CLE,PG,71,71,2496,532,1237,0.43,123,344,0.358,409,893,0.458,0.48,291,338,0.861,52,207,259,433,108,23,190,163,1478,1,AS
42,Mike Dunleavy,33,CHI,SF,82,61,2584,333,774,0.43,123,324,0.38,210,450,0.467,0.51,140,164,0.854,46,299,345,186,64,46,108,163,929,0,
43,Richard Jefferson,33,UTA,SF,82,78,2213,294,654,0.45,123,301,0.409,171,353,0.484,0.544,120,162,0.741,18,201,219,130,56,14,94,168,831,0,
44,Goran Dragić,27,PHO,SG,76,75,2668,552,1093,0.505,122,299,0.408,430,794,0.542,0.561,316,416,0.76,69,176,245,447,104,22,213,206,1542,0,"MVP-16,MIP-1,NBA3"
45,Wilson Chandler,26,DEN,SF,62,55,1927,307,738,0.416,122,351,0.348,185,387,0.478,0.499,110,152,0.724,58,236,294,114,46,31,79,193,846,0,
46,Khris Middleton,22,MIL,SF,82,64,2460,376,854,0.44,120,290,0.414,256,564,0.454,0.511,118,137,0.861,60,250,310,169,83,20,123,243,990,0,
47,LeBron James,29,MIA,PF,77,77,2902,767,1353,0.567,116,306,0.379,651,1047,0.622,0.61,439,585,0.75,81,452,533,488,121,26,270,126,2089,1,"MVP-2,DPOY-6,AS,NBA1,DEF2"
48,Ray Allen,38,MIA,SG,73,9,1936,240,543,0.442,116,309,0.375,124,234,0.53,0.549,105,116,0.905,23,182,205,143,54,8,84,115,701,0,
49,Kevin Martin,30,MIN,SG,68,68,2177,440,1023,0.43,115,297,0.387,325,726,0.448,0.486,303,340,0.891,34,169,203,121,66,6,106,123,1298,0,
50,James Anderson,24,PHI,SG,80,62,2309,309,717,0.431,115,351,0.328,194,366,0.53,0.511,77,106,0.726,59,241,300,149,74,28,106,154,810,0,
51,Paul Pierce,36,BRK,SF,75,68,2098,321,712,0.451,112,300,0.373,209,412,0.507,0.529,256,310,0.826,26,322,348,178,86,31,153,190,1010,0,
52,Trey Burke,21,UTA,PG,70,68,2262,341,897,0.38,111,336,0.33,230,561,0.41,0.442,102,113,0.903,37,171,208,396,42,6,131,145,895,0,ROY-3
53,Brandon Knight,22,MIL,PG,72,69,2400,461,1092,0.422,110,338,0.325,351,754,0.466,0.473,259,323,0.802,46,209,255,352,69,17,188,146,1291,0,
54,Kemba Walker,23,CHA,PG,73,73,2614,449,1143,0.393,109,327,0.333,340,816,0.417,0.441,282,337,0.837,39,267,306,447,86,32,169,128,1289,1,
55,Greivis Vásquez,27,2TM,PG,79,23,1779,277,658,0.421,109,289,0.377,168,369,0.455,0.504,95,108,0.88,20,153,173,323,31,5,128,143,758,0,6MOY-13
56,Marcus Thornton,26,2TM,SG,72,27,1741,252,639,0.394,109,316,0.345,143,323,0.443,0.48,90,112,0.804,57,141,198,77,58,11,67,110,703,0,
57,John Wall,23,WAS,PG,82,82,2980,579,1337,0.433,108,308,0.351,471,1029,0.458,0.473,317,394,0.805,38,295,333,721,149,40,295,219,1583,2,AS
58,Mike Miller,33,MEM,SF,82,4,1707,213,443,0.481,107,233,0.459,106,210,0.505,0.602,46,56,0.821,30,177,207,130,26,5,77,95,579,0,
59,Mike Conley,26,MEM,PG,73,73,2446,463,1030,0.45,105,291,0.361,358,739,0.484,0.5,225,276,0.815,41,172,213,441,110,13,150,141,1256,0,MVP-17
60,Josh McRoberts,26,CHA,PF,78,78,2360,247,566,0.436,105,291,0.361,142,275,0.516,0.529,62,85,0.729,85,288,373,333,58,46,83,189,661,0,
61,Anthony Tolliver,28,CHA,PF,64,9,1298,129,307,0.42,102,247,0.413,27,60,0.45,0.586,33,41,0.805,33,135,168,42,19,15,23,82,393,0,
62,Eric Gordon,25,NOP,SG,64,64,2057,356,817,0.436,101,258,0.391,255,559,0.456,0.498,175,223,0.785,30,135,165,208,74,12,134,114,988,0,
63,Wesley Johnson,26,LAL,SF,79,62,2240,277,651,0.425,100,271,0.369,177,380,0.466,0.502,61,77,0.792,70,278,348,124,86,77,90,207,715,0,
64,Marcus Morris,24,PHO,SF,82,1,1800,288,651,0.442,99,260,0.381,189,391,0.483,0.518,121,159,0.761,84,235,319,88,72,18,95,157,796,0,
65,Deron Williams,29,BRK,PG,64,58,2059,322,716,0.45,98,268,0.366,224,448,0.5,0.518,173,216,0.801,15,153,168,392,93,13,143,148,915,0,
66,Caron Butler,33,2TM,SF,56,13,1419,213,540,0.394,98,249,0.394,115,291,0.395,0.485,63,75,0.84,21,208,229,82,47,17,60,120,587,0,
67,DeMarre Carroll,27,ATL,SF,73,73,2341,302,642,0.47,97,268,0.362,205,374,0.548,0.546,109,141,0.773,107,296,403,134,108,21,79,188,810,0,
68,Matt Barnes,33,LAC,SF,63,40,1735,231,527,0.438,97,283,0.343,134,244,0.549,0.53,66,90,0.733,60,232,292,125,56,28,85,185,625,0,
69,Aaron Brooks,29,2TM,PG,72,12,1557,233,581,0.401,96,248,0.387,137,333,0.411,0.484,83,95,0.874,43,97,140,233,52,13,117,146,645,0,
70,George Hill,27,IND,PG,76,76,2434,272,616,0.442,95,260,0.365,177,356,0.497,0.519,142,176,0.807,53,230,283,265,75,23,92,158,781,0,
71,Ben McLemore,20,SAC,SG,82,55,2187,255,679,0.376,95,297,0.32,160,382,0.419,0.446,115,143,0.804,53,182,235,82,45,18,96,201,720,0,
72,Kyle Singler,25,DET,SF,82,36,2337,269,602,0.447,94,246,0.382,175,356,0.492,0.525,152,184,0.826,116,187,303,75,61,38,79,211,784,0,
73,Dion Waiters,22,CLE,SG,70,24,2072,430,993,0.433,92,250,0.368,338,743,0.455,0.479,161,235,0.685,32,163,195,209,63,17,154,153,1113,0,6MOY-8
74,Patrick Beverley,25,HOU,PG,56,55,1751,199,481,0.414,92,255,0.361,107,226,0.473,0.509,83,102,0.814,72,124,196,151,77,23,66,174,573,0,"DPOY-17,DEF2"
75,Thaddeus Young,25,PHI,PF,79,78,2718,582,1283,0.454,90,292,0.308,492,991,0.496,0.489,163,229,0.712,166,310,476,182,167,36,165,213,1417,0,
76,Jordan Crawford,25,2TM,PG,81,35,1859,327,788,0.415,90,285,0.316,237,503,0.471,0.472,146,169,0.864,28,155,183,281,47,5,134,120,890,1,
77,Manu Ginóbili,36,SAS,SG,68,3,1550,294,627,0.469,90,258,0.349,204,369,0.553,0.541,160,188,0.851,30,172,202,293,70,17,139,128,838,0,6MOY-3
78,Evan Fournier,21,DEN,SG,76,4,1503,228,544,0.419,89,237,0.376,139,307,0.453,0.501,93,123,0.756,34,168,202,112,34,7,100,179,638,0,
79,Jeremy Lamb,21,OKC,SG,78,0,1538,263,609,0.432,88,247,0.356,175,362,0.483,0.504,51,64,0.797,27,162,189,115,56,26,61,143,665,0,
80,Anthony Morrow,28,NOP,SG,76,9,1426,238,520,0.458,88,195,0.451,150,325,0.462,0.542,72,87,0.828,29,111,140,59,38,12,51,102,636,0,
81,Derek Fisher,39,OKC,SG,81,0,1428,141,361,0.391,88,229,0.384,53,132,0.402,0.512,55,71,0.775,12,110,122,117,70,3,49,157,425,0,
82,Mario Chalmers,27,MIA,PG,73,73,2178,254,560,0.454,87,226,0.385,167,334,0.5,0.531,121,163,0.742,41,173,214,357,119,16,162,210,716,0,
83,Lance Stephenson,23,IND,SG,78,78,2752,427,870,0.491,86,244,0.352,341,626,0.545,0.54,140,197,0.711,95,463,558,359,54,7,210,195,1080,5,
84,Gordon Hayward,23,UTA,SF,77,77,2800,426,1032,0.413,85,280,0.304,341,752,0.453,0.454,311,381,0.816,62,329,391,400,110,40,212,155,1248,0,
85,Kirk Hinrich,33,CHI,PG,73,61,2116,243,619,0.393,85,242,0.351,158,377,0.419,0.461,95,125,0.76,31,161,192,286,80,26,120,203,666,0,
86,O.J. Mayo,26,MIL,SG,52,23,1346,224,550,0.407,84,227,0.37,140,323,0.433,0.484,76,88,0.864,24,100,124,113,28,13,95,111,608,0,
87,Marvin Williams,27,UTA,PF,66,50,1674,231,526,0.439,84,234,0.359,147,292,0.503,0.519,57,73,0.781,82,252,334,78,54,31,53,151,603,0,
88,Alan Anderson,31,BRK,SF,78,26,1773,194,485,0.4,84,248,0.339,110,237,0.464,0.487,92,118,0.78,40,135,175,81,48,11,62,147,564,0,
89,Reggie Jackson,23,OKC,PG,80,36,2277,403,916,0.44,83,245,0.339,320,671,0.477,0.485,158,177,0.893,43,270,313,331,85,9,168,142,1047,0,6MOY-5
90,Mo Williams,31,POR,PG,74,0,1834,280,672,0.417,83,225,0.369,197,447,0.441,0.478,78,89,0.876,42,111,153,321,55,10,149,197,721,0,6MOY-13
91,C.J. Miles,26,CLE,SG,51,34,984,178,409,0.435,83,211,0.393,95,198,0.48,0.537,64,75,0.853,18,85,103,52,46,15,44,103,503,0,
92,Jeremy Lin,25,HOU,PG,71,33,2054,295,662,0.446,82,229,0.358,213,433,0.492,0.508,218,265,0.823,34,153,187,294,68,27,176,166,890,1,
93,Jared Dudley,28,LAC,SF,74,43,1729,196,447,0.438,81,225,0.36,115,222,0.518,0.529,38,58,0.655,36,124,160,104,41,10,56,146,511,0,
94,Avery Bradley,23,BOS,SG,60,58,1855,361,825,0.438,79,200,0.395,282,625,0.451,0.485,90,112,0.804,48,178,226,85,63,11,96,145,891,0,
95,Lou Williams,27,ATL,PG,60,7,1445,197,493,0.4,79,231,0.342,118,262,0.45,0.48,152,179,0.849,10,114,124,210,45,4,92,65,625,0,
96,Steve Blake,33,2TM,PG,55,28,1498,133,353,0.377,79,210,0.376,54,143,0.378,0.489,33,43,0.767,13,146,159,307,54,8,102,85,378,1,
97,Chris Paul,28,LAC,PG,62,62,2171,406,870,0.467,78,212,0.368,328,658,0.498,0.511,295,345,0.855,38,230,268,663,154,4,145,157,1185,0,"MVP-7,DPOY-13,AS,NBA1,DEF1"
98,Paul Millsap,28,ATL,PF,74,73,2482,483,1047,0.461,76,212,0.358,407,835,0.487,0.498,286,391,0.731,154,473,627,232,129,78,185,210,1328,1,AS
99,Jerryd Bayless,25,2TM,PG,72,19,1686,248,617,0.402,76,212,0.358,172,405,0.425,0.464,94,118,0.797,22,123,145,194,60,9,82,161,666,0,
100,Iman Shumpert,23,NYK,SG,74,58,1962,183,484,0.378,76,228,0.333,107,256,0.418,0.457,53,71,0.746,81,227,308,129,92,13,79,209,495,0,
101,Jeff Teague,25,ATL,PG,79,79,2542,456,1040,0.438,74,225,0.329,382,815,0.469,0.474,318,376,0.846,34,174,208,528,89,17,232,158,1304,0,
102,Chris Bosh,29,MIA,C,79,79,2531,492,953,0.516,74,218,0.339,418,735,0.569,0.555,223,272,0.82,98,424,522,87,80,78,125,192,1281,0,AS
103,Victor Oladipo,21,ORL,PG,80,44,2487,392,936,0.419,74,226,0.327,318,710,0.448,0.458,248,318,0.78,43,286,329,327,129,37,256,210,1106,1,ROY-2
104,P.J. Tucker,28,PHO,SF,81,81,2490,265,615,0.431,74,191,0.387,191,424,0.45,0.491,156,201,0.776,161,368,529,141,110,23,102,204,760,0,DPOY-12
105,J.J. Barea,29,MIN,PG,79,1,1471,254,656,0.387,73,231,0.316,181,425,0.426,0.443,79,100,0.79,16,138,154,303,26,0,125,129,660,0,
106,JJ Redick,29,LAC,SG,35,34,987,181,398,0.455,73,185,0.395,108,213,0.507,0.546,97,106,0.915,9,65,74,78,28,3,42,65,532,0,
107,Shane Battier,35,MIA,SF,73,56,1468,105,275,0.382,73,210,0.348,32,65,0.492,0.515,15,23,0.652,34,104,138,63,50,39,21,124,298,0,
108,Ty Lawson,26,DEN,PG,62,61,2222,347,806,0.431,72,202,0.356,275,604,0.455,0.475,324,406,0.798,40,175,215,543,100,10,200,113,1090,0,
109,Courtney Lee,28,2TM,SG,79,47,1973,295,614,0.48,72,194,0.371,223,420,0.531,0.539,99,112,0.884,29,158,187,115,65,28,73,127,761,0,
110,Darren Collison,26,LAC,PG,80,35,2069,324,694,0.467,71,189,0.376,253,505,0.501,0.518,192,224,0.857,47,141,188,297,93,15,132,150,911,0,
111,Kendall Marshall,22,LAL,PG,54,45,1564,170,419,0.406,71,178,0.399,99,241,0.411,0.49,19,36,0.528,15,140,155,477,48,4,150,76,430,0,
112,Josh Smith,28,DET,SF,77,76,2730,517,1233,0.419,70,265,0.264,447,968,0.462,0.448,160,301,0.532,102,418,520,252,105,110,199,197,1264,0,
113,Jordan Farmar,27,LAL,PG,41,5,912,151,364,0.415,70,160,0.438,81,204,0.397,0.511,44,59,0.746,20,84,104,199,38,8,95,65,416,0,
114,Jordan Hamilton,23,2TM,SF,60,12,1019,147,376,0.391,70,198,0.354,77,178,0.433,0.484,40,51,0.784,32,162,194,52,44,20,46,67,404,0,
115,Monta Ellis,28,DAL,SG,82,82,3023,576,1278,0.451,69,209,0.33,507,1069,0.474,0.478,339,430,0.788,38,257,295,471,141,23,264,197,1560,0,
116,Kawhi Leonard,22,SAS,SF,66,65,1923,337,645,0.522,69,182,0.379,268,463,0.579,0.576,101,126,0.802,76,336,412,133,114,50,80,127,844,0,"DPOY-11,DEF2"
117,Dorell Wright,28,POR,SF,68,13,984,111,297,0.374,69,202,0.342,42,95,0.442,0.49,52,69,0.754,29,162,191,64,23,16,39,62,343,0,
118,Francisco García,32,HOU,SF,55,4,1083,118,294,0.401,69,193,0.358,49,101,0.485,0.519,10,19,0.526,21,101,122,63,27,33,30,120,315,0,
119,Russell Westbrook,25,OKC,PG,46,46,1412,346,791,0.437,68,214,0.318,278,577,0.482,0.48,242,293,0.826,55,208,263,319,88,7,177,104,1002,2,
120,Jimmy Butler,24,CHI,SG,67,67,2591,275,693,0.397,68,240,0.283,207,453,0.457,0.446,260,338,0.769,87,243,330,175,127,36,102,106,878,0,DEF2
121,Gary Neal,29,2TM,SG,52,3,1114,193,471,0.41,68,180,0.378,125,291,0.43,0.482,94,105,0.895,10,80,90,83,18,0,64,65,548,0,
122,Hollis Thompson,22,PHI,SF,77,41,1742,171,372,0.46,67,167,0.401,104,205,0.507,0.55,52,73,0.712,73,174,247,73,53,12,60,144,461,0,
123,Ryan Anderson,25,NOP,PF,22,14,795,155,354,0.438,67,164,0.409,88,190,0.463,0.532,59,62,0.952,66,76,142,17,10,7,20,47,436,0,
124,Harrison Barnes,21,GSW,SF,78,24,2204,271,679,0.399,66,190,0.347,205,489,0.419,0.448,130,181,0.718,66,245,311,116,65,20,84,158,738,0,
125,Rudy Gay,27,2TM,SF,73,73,2531,537,1179,0.455,65,197,0.33,472,982,0.481,0.483,318,387,0.822,113,324,437,209,95,56,224,171,1457,0,
126,Pablo Prigioni,36,NYK,PG,66,27,1283,88,191,0.461,65,140,0.464,23,51,0.451,0.631,11,12,0.917,36,93,129,228,67,2,60,132,252,0,
127,DeMar DeRozan,24,TOR,SG,79,79,3017,604,1407,0.429,64,210,0.305,540,1197,0.451,0.452,519,630,0.824,51,292,343,313,86,28,176,197,1791,0,AS
128,Brian Roberts,28,NOP,PG,72,42,1667,244,581,0.42,64,178,0.36,180,403,0.447,0.475,125,133,0.94,17,119,136,234,43,7,95,132,677,0,
129,Jarrett Jack,30,CLE,PG,80,31,2252,286,698,0.41,63,185,0.341,223,513,0.435,0.455,125,149,0.839,22,201,223,324,56,22,133,133,760,0,
130,John Salmons,34,2TM,SF,78,8,1726,150,413,0.363,63,163,0.387,87,250,0.348,0.439,40,52,0.769,20,143,163,147,47,19,54,124,403,0,
131,Mike Scott,25,ATL,PF,80,6,1482,301,628,0.479,62,200,0.31,239,428,0.558,0.529,103,132,0.78,62,222,284,75,30,7,79,121,767,0,
132,Raymond Felton,29,NYK,PG,65,65,2017,240,608,0.395,62,195,0.318,178,413,0.431,0.446,88,122,0.721,54,143,197,365,78,27,129,157,630,0,
133,Andre Iguodala,30,GSW,SF,63,63,2040,220,458,0.48,62,175,0.354,158,283,0.558,0.548,86,132,0.652,53,240,293,263,95,18,100,103,588,0,"DPOY-5,DEF1"
134,Shelvin Mack,23,ATL,PG,73,11,1490,209,501,0.417,62,184,0.337,147,317,0.464,0.479,64,74,0.865,21,139,160,271,50,2,89,100,544,0,
135,Omri Casspi,25,HOU,PF,71,2,1283,173,410,0.422,61,176,0.347,112,234,0.479,0.496,83,122,0.68,55,205,260,88,44,14,72,100,490,0,
136,Norris Cole,25,MIA,PG,82,6,2014,207,500,0.414,60,174,0.345,147,326,0.451,0.474,53,68,0.779,17,143,160,248,77,5,127,156,527,0,
137,Corey Brewer,27,MIN,SF,81,81,2609,388,807,0.481,59,211,0.28,329,596,0.552,0.517,163,227,0.718,63,144,207,135,151,30,105,210,998,0,
138,Maurice Harkless,20,ORL,SF,80,41,1950,224,483,0.464,59,154,0.383,165,329,0.502,0.525,85,143,0.594,69,195,264,80,97,50,86,140,592,0,
139,Kentavious Caldwell-Pope,20,DET,SG,80,41,1583,182,460,0.396,59,185,0.319,123,275,0.447,0.46,47,61,0.77,38,118,156,55,75,12,28,145,470,0,
140,Cartier Martin,29,2TM,SF,59,6,870,111,264,0.42,59,151,0.391,52,113,0.46,0.532,48,65,0.738,13,97,110,33,27,7,34,71,329,0,
141,Shawn Marion,35,DAL,SF,76,76,2409,341,708,0.482,58,162,0.358,283,546,0.518,0.523,51,65,0.785,132,365,497,124,90,37,95,125,791,0,
142,Nate Robinson,29,DEN,PG,44,1,866,164,383,0.428,58,154,0.377,106,229,0.463,0.504,71,85,0.835,21,60,81,112,36,4,58,92,457,0,
143,Luol Deng,28,2TM,SF,63,63,2213,371,860,0.431,57,189,0.302,314,671,0.468,0.465,212,268,0.791,99,262,361,183,62,9,114,111,1011,0,
144,E'Twaun Moore,24,ORL,SG,79,3,1506,195,456,0.428,57,161,0.354,138,295,0.468,0.49,52,68,0.765,29,107,136,112,60,13,55,106,499,0,
145,Tony Snell,22,CHI,SG,77,12,1231,129,336,0.384,57,178,0.32,72,158,0.456,0.469,31,41,0.756,19,105,124,68,29,15,44,84,346,0,
146,Matthew Dellavedova,23,CLE,SG,72,4,1271,122,296,0.412,57,155,0.368,65,141,0.461,0.508,38,48,0.792,29,94,123,187,33,5,60,121,339,0,
147,Jared Sullinger,21,BOS,PF,74,44,2041,384,899,0.427,56,208,0.269,328,691,0.475,0.458,158,203,0.778,241,360,601,118,35,49,119,251,982,0,
148,Pero Antić,31,ATL,C,50,26,925,123,294,0.418,56,171,0.327,67,123,0.545,0.514,50,66,0.758,57,152,209,58,19,12,55,126,352,0,
149,Michael Carter-Williams,22,PHI,PG,70,70,2414,427,1054,0.405,55,208,0.264,372,846,0.44,0.431,258,367,0.703,101,336,437,441,130,43,247,213,1167,2,ROY-1
150,Patrick Patterson,24,2TM,PF,65,13,1533,225,489,0.46,55,151,0.364,170,338,0.503,0.516,50,71,0.704,117,225,342,78,55,37,65,159,555,0,
151,Draymond Green,23,GSW,SF,82,12,1797,187,459,0.407,55,165,0.333,132,294,0.449,0.467,82,123,0.667,86,323,409,152,102,72,91,231,511,0,
152,C.J. Watson,29,IND,PG,63,5,1193,146,334,0.437,53,145,0.366,93,189,0.492,0.516,69,88,0.784,19,82,101,107,60,8,60,66,414,0,
153,Steve Novak,30,TOR,PF,54,1,540,60,146,0.411,52,122,0.426,8,24,0.333,0.589,6,6,1,8,50,58,13,12,4,5,44,178,0,
154,Chris Douglas-Roberts,27,CHA,SF,49,8,1016,111,252,0.44,51,132,0.386,60,120,0.5,0.542,66,82,0.805,16,103,119,51,29,16,36,61,339,0,
155,Evan Turner,25,2TM,SF,81,56,2457,434,1021,0.425,50,156,0.321,384,865,0.444,0.45,213,262,0.813,62,346,408,262,67,7,189,195,1131,0,
156,Alec Burks,22,UTA,SG,78,12,2193,380,831,0.457,50,143,0.35,330,688,0.48,0.487,279,373,0.748,59,198,257,212,69,14,149,190,1089,0,
157,Eric Bledsoe,24,PHO,PG,43,40,1416,265,556,0.477,50,140,0.357,215,416,0.517,0.522,183,237,0.772,27,175,202,235,69,14,143,99,763,0,
158,Jae Crowder,23,DAL,SF,78,8,1254,130,296,0.439,50,151,0.331,80,145,0.552,0.524,46,61,0.754,46,148,194,60,59,21,41,100,356,0,
159,Ryan Kelly,22,LAL,PF,59,25,1312,157,371,0.423,48,142,0.338,109,229,0.476,0.488,110,135,0.815,42,177,219,95,32,45,47,147,472,0,
160,Thabo Sefolosha,29,OKC,SG,61,61,1584,141,340,0.415,48,152,0.316,93,188,0.495,0.485,53,69,0.768,50,170,220,94,79,17,55,90,383,0,
161,Rashard Lewis,34,MIA,SF,60,6,971,98,236,0.415,46,134,0.343,52,102,0.51,0.513,26,33,0.788,24,86,110,57,53,8,35,90,268,0,
162,Boris Diaw,31,SAS,PF,79,24,1974,302,580,0.521,45,112,0.402,257,468,0.549,0.559,68,92,0.739,74,252,326,222,44,32,121,140,717,0,
163,Ricky Rubio,23,MIN,PG,82,82,2638,255,670,0.381,44,133,0.331,211,537,0.393,0.413,227,283,0.802,61,281,342,704,191,11,221,218,781,2,
164,Kent Bazemore,24,2TM,SG,67,15,911,147,343,0.429,43,128,0.336,104,215,0.484,0.491,66,109,0.606,10,107,117,91,43,13,79,102,403,0,
165,Danny Granger,30,2TM,SF,41,2,847,116,307,0.378,43,128,0.336,73,179,0.408,0.448,63,67,0.94,31,102,133,41,12,17,46,62,338,0,
166,Chris Johnson,23,BOS,SF,40,0,789,85,214,0.397,43,127,0.339,42,87,0.483,0.498,37,43,0.86,31,66,97,31,27,4,22,63,250,0,
167,Chase Budinger,25,MIN,SF,41,8,751,100,254,0.394,42,120,0.35,58,134,0.433,0.476,32,39,0.821,19,84,103,31,19,2,24,58,274,0,
168,Shawne Williams,27,LAL,PF,36,13,751,73,192,0.38,42,129,0.326,31,63,0.492,0.49,14,20,0.7,25,142,167,30,19,30,21,93,202,0,
169,Matt Bonner,33,SAS,PF,61,0,690,73,164,0.445,42,98,0.429,31,66,0.47,0.573,9,12,0.75,16,114,130,31,15,11,16,49,197,0,
170,Giannis Antetokounmpo,19,MIL,SF,77,23,1897,173,418,0.414,41,118,0.347,132,300,0.44,0.463,138,202,0.683,78,261,339,150,60,61,122,173,525,0,ROY-7
171,Travis Outlaw,29,SAC,SF,63,4,1065,130,326,0.399,41,117,0.35,89,209,0.426,0.462,42,52,0.808,36,132,168,48,20,19,26,94,343,0,
172,Willie Green,32,LAC,SG,55,9,869,102,271,0.376,41,121,0.339,61,150,0.407,0.452,28,34,0.824,12,66,78,50,22,11,34,96,273,0,
173,Earl Clark,26,2TM,PF,54,17,768,97,261,0.372,41,122,0.336,56,139,0.403,0.45,22,34,0.647,22,121,143,18,17,25,31,67,257,0,
174,Gerald Henderson,26,CHA,SG,77,77,2461,403,930,0.433,40,115,0.348,363,815,0.445,0.455,235,309,0.761,31,279,310,199,51,32,113,159,1081,0,
175,Tony Wroten,20,PHI,PG,72,16,1765,345,808,0.427,40,188,0.213,305,620,0.492,0.452,209,326,0.641,69,159,228,217,78,16,204,151,939,1,
176,Kelly Olynyk,22,BOS,C,70,9,1400,234,502,0.466,40,114,0.351,194,388,0.5,0.506,99,122,0.811,140,225,365,109,35,27,106,227,607,0,
177,Jimmer Fredette,24,2TM,SG,49,0,519,107,227,0.471,40,84,0.476,67,143,0.469,0.559,19,21,0.905,8,44,52,64,14,3,48,35,273,0,
178,Jason Terry,36,BRK,PG,35,0,570,55,152,0.362,39,103,0.379,16,49,0.327,0.49,10,15,0.667,4,33,37,56,13,0,27,48,159,0,
179,Ersan İlyasova,26,MIL,PF,55,47,1478,237,579,0.409,37,131,0.282,200,448,0.446,0.441,107,130,0.823,107,235,342,72,46,8,61,135,618,0,
180,Elliot Williams,24,PHI,SG,67,2,1157,140,337,0.415,37,125,0.296,103,212,0.486,0.47,87,119,0.731,30,100,130,72,35,3,68,126,404,0,
181,Luke Ridnour,32,2TM,PG,61,14,1141,126,327,0.385,37,108,0.343,89,219,0.406,0.442,17,26,0.654,23,74,97,176,32,8,66,92,306,0,
182,Austin Rivers,21,NOP,PG,69,4,1339,192,474,0.405,36,99,0.364,156,375,0.416,0.443,110,173,0.636,26,103,129,160,45,9,77,134,530,0,
183,Diante Garrett,25,UTA,PG,71,0,1048,101,265,0.381,36,96,0.375,65,169,0.385,0.449,10,12,0.833,11,86,97,120,41,5,75,75,248,0,
184,Doron Lamb,22,ORL,SG,53,0,695,63,160,0.394,36,90,0.4,27,70,0.386,0.506,29,36,0.806,8,41,49,43,11,1,27,54,191,0,
185,Luke Babbitt,24,NOP,PF,27,2,473,60,154,0.39,36,95,0.379,24,59,0.407,0.506,14,18,0.778,18,70,88,29,7,11,15,52,170,0,
186,Ramon Sessions,27,2TM,PG,83,19,2214,330,769,0.429,35,124,0.282,295,645,0.457,0.452,326,404,0.807,38,165,203,340,49,9,148,90,1021,0,
187,Markieff Morris,24,PHO,PF,81,0,2153,411,845,0.486,34,108,0.315,377,737,0.512,0.507,259,327,0.792,139,346,485,144,68,51,147,232,1115,0,6MOY-4
188,Al Harrington,33,WAS,PF,34,0,511,82,207,0.396,34,100,0.34,48,107,0.449,0.478,27,35,0.771,15,65,80,28,14,0,34,72,225,0,
189,Byron Mullens,24,2TM,C,45,0,414,73,165,0.442,33,89,0.371,40,76,0.526,0.542,10,20,0.5,24,68,92,14,15,11,27,64,189,0,
190,Chris Copeland,29,IND,SF,41,0,265,55,117,0.47,33,79,0.418,22,38,0.579,0.611,10,14,0.714,7,25,32,18,3,7,14,38,153,0,
191,Tobias Harris,21,ORL,PF,61,36,1850,332,716,0.464,32,126,0.254,300,590,0.508,0.486,197,244,0.807,88,336,424,82,41,24,78,143,893,0,
192,Robbie Hummel,24,MIN,SF,53,5,655,67,177,0.379,32,89,0.36,35,88,0.398,0.469,15,16,0.938,35,97,132,23,16,2,10,57,181,0,
193,Terrence Jones,22,HOU,PF,76,71,2078,386,712,0.542,31,101,0.307,355,611,0.581,0.564,118,195,0.605,162,366,528,87,53,99,71,139,921,0,
194,Devin Harris,30,DAL,PG,40,0,818,96,254,0.378,31,101,0.307,65,153,0.425,0.439,92,115,0.8,8,77,85,178,28,2,59,72,315,0,
195,Jonas Jerebko,26,DET,PF,64,0,741,98,208,0.471,31,74,0.419,67,134,0.5,0.546,43,59,0.729,51,124,175,39,21,6,43,85,270,0,
196,Toney Douglas,27,2TM,PG,51,17,675,73,190,0.384,31,102,0.304,42,88,0.477,0.466,25,34,0.735,18,69,87,68,19,5,34,81,202,0,
197,Andrea Bargnani,28,NYK,C,42,39,1257,222,502,0.442,30,108,0.278,192,394,0.487,0.472,84,102,0.824,69,153,222,45,14,52,58,100,558,0,
198,Jrue Holiday,23,NOP,PG,34,34,1143,203,454,0.447,30,77,0.39,173,377,0.459,0.48,51,63,0.81,28,114,142,268,56,12,105,92,487,0,
199,Quincy Miller,21,DEN,PF,52,16,789,94,256,0.367,30,94,0.319,64,162,0.395,0.426,39,55,0.709,36,111,147,26,22,32,48,70,257,0,
200,Alexey Shved,25,MIN,SG,63,0,664,76,237,0.321,30,102,0.294,46,135,0.341,0.384,68,90,0.756,21,60,81,68,26,16,48,36,250,0,
201,CJ McCollum,22,POR,SG,38,0,476,74,178,0.416,30,80,0.375,44,98,0.449,0.5,23,34,0.676,7,41,48,27,14,2,35,53,201,0,
202,Andrew Nicholson,24,ORL,PF,76,5,1174,180,420,0.429,28,89,0.315,152,331,0.459,0.462,47,57,0.825,53,202,255,25,18,23,51,150,435,0,
203,Xavier Henry,22,LAL,SF,43,5,908,144,345,0.417,28,81,0.346,116,264,0.439,0.458,116,177,0.655,25,89,114,51,44,7,57,79,432,0,
204,Phil Pressey,22,BOS,PG,75,11,1132,78,253,0.308,28,106,0.264,50,147,0.34,0.364,29,45,0.644,20,85,105,241,68,5,87,97,213,0,
205,James Jones,33,MIA,SF,20,6,236,31,68,0.456,28,54,0.519,3,14,0.214,0.662,7,11,0.636,2,21,23,9,3,4,4,6,97,0,
206,Derrick Williams,22,2TM,SF,78,15,1820,206,482,0.427,26,99,0.263,180,383,0.47,0.454,186,259,0.718,71,252,323,56,48,20,76,114,624,0,
207,Rajon Rondo,27,BOS,PG,30,30,998,141,350,0.403,26,90,0.289,115,260,0.442,0.44,42,67,0.627,22,142,164,294,40,2,99,65,350,1,
208,Rasual Butler,34,IND,SG,50,2,378,51,110,0.464,26,62,0.419,25,48,0.521,0.582,8,14,0.571,6,35,41,17,7,9,11,30,136,0,
209,Tony Parker,31,SAS,PG,68,68,1997,456,914,0.499,25,67,0.373,431,847,0.509,0.513,197,243,0.811,17,138,155,388,36,9,151,86,1134,0,"MVP-12,AS,NBA2"
210,Darius Miller,23,NOP,SF,45,7,723,73,166,0.44,25,77,0.325,48,89,0.539,0.515,29,36,0.806,9,43,52,43,24,9,22,88,200,0,
211,John Lucas III,31,UTA,PG,42,6,591,62,190,0.326,25,84,0.298,37,106,0.349,0.392,10,16,0.625,12,27,39,42,14,0,22,41,159,0,
212,Wayne Ellington,26,DAL,SG,45,1,393,55,126,0.437,25,59,0.424,30,67,0.448,0.536,10,11,0.909,8,35,43,19,16,2,11,33,145,0,
213,Rodney Stuckey,27,DET,SG,73,5,1950,372,853,0.436,24,88,0.273,348,765,0.455,0.45,244,292,0.836,39,130,169,152,54,10,125,131,1012,0,
214,Darrell Arthur,25,DEN,SF,68,1,1161,162,410,0.395,24,64,0.375,138,346,0.399,0.424,53,62,0.855,52,158,210,61,39,47,58,185,401,0,
215,Jannero Pargo,34,CHA,PG,29,0,242,52,118,0.441,24,60,0.4,28,58,0.483,0.542,8,11,0.727,1,19,20,52,14,1,26,17,136,0,
216,Serge Ibaka,24,OKC,PF,81,81,2666,524,978,0.536,23,60,0.383,501,918,0.546,0.548,156,199,0.784,224,485,709,85,39,219,123,233,1227,0,"DPOY-4,DEF1"
217,Jon Leuer,24,MEM,PF,49,0,642,121,246,0.492,23,49,0.469,98,197,0.497,0.539,37,47,0.787,37,121,158,20,18,13,27,63,302,0,
218,James Johnson,26,MEM,SF,52,4,956,143,308,0.464,22,87,0.253,121,221,0.548,0.5,76,90,0.844,60,106,166,111,42,57,66,102,384,0,
219,Ray McCallum,22,SAC,PG,45,10,897,113,300,0.377,22,59,0.373,91,241,0.378,0.413,32,43,0.744,18,61,79,120,22,9,39,69,280,0,
220,Perry Jones,22,OKC,PF,62,7,764,83,181,0.459,22,61,0.361,61,120,0.508,0.519,28,42,0.667,28,86,114,26,14,19,21,62,216,0,
221,Reggie Bullock,22,LAC,SF,43,0,395,43,121,0.355,22,73,0.301,21,48,0.438,0.446,7,9,0.778,11,43,54,12,9,1,13,26,115,0,
222,Hedo Türkoğlu,34,LAC,SF,38,0,392,42,109,0.385,22,50,0.44,20,59,0.339,0.486,9,18,0.5,11,78,89,33,19,10,16,50,115,0,
223,Tyreke Evans,24,NOP,SF,72,22,2028,391,897,0.436,21,95,0.221,370,802,0.461,0.448,239,310,0.771,76,265,341,363,84,21,175,155,1042,1,
224,Michael Beasley,25,MIA,SF,55,2,831,177,355,0.499,21,54,0.389,156,301,0.518,0.528,61,79,0.772,31,141,172,42,23,21,57,93,436,0,
225,Donatas Motiejūnas,23,HOU,PF,62,3,952,131,296,0.443,21,84,0.25,110,212,0.519,0.478,58,96,0.604,60,165,225,34,20,21,49,132,341,0,
226,Amir Johnson,26,TOR,PF,77,72,2214,344,612,0.562,20,66,0.303,324,546,0.593,0.578,91,143,0.636,172,333,505,115,56,88,123,271,799,0,
227,Will Bynum,31,DET,PG,56,3,1054,184,430,0.428,20,62,0.323,164,368,0.446,0.451,97,121,0.802,24,75,99,216,39,7,103,121,485,0,
228,Tayshaun Prince,33,MEM,SF,76,76,1948,200,492,0.407,20,69,0.29,180,423,0.426,0.427,34,60,0.567,32,202,234,119,39,19,41,63,454,0,
229,Nick Calathes,24,MEM,SG,71,7,1173,142,311,0.457,19,61,0.311,123,250,0.492,0.487,44,72,0.611,23,114,137,207,66,8,101,117,347,0,ROY-7
230,Gerald Wallace,31,BOS,SF,58,16,1416,116,230,0.504,19,64,0.297,97,166,0.584,0.546,47,101,0.465,36,176,212,143,73,14,97,79,298,0,
231,Alonzo Gee,26,CLE,SF,65,24,1020,98,236,0.415,19,58,0.328,79,178,0.444,0.456,43,61,0.705,35,114,149,47,39,15,44,96,258,0,
232,Beno Udrih,31,2TM,SG,41,12,643,78,178,0.438,19,42,0.452,59,136,0.434,0.492,25,30,0.833,10,49,59,116,23,4,47,50,200,0,
233,Nate Wolters,22,MIL,PG,58,31,1309,170,389,0.437,18,62,0.29,152,327,0.465,0.46,59,90,0.656,33,116,149,187,35,15,57,67,417,0,
234,Jeff Taylor,24,CHA,SF,26,8,629,82,218,0.376,18,67,0.269,64,151,0.424,0.417,26,47,0.553,15,45,60,22,13,5,25,62,208,0,
235,Anthony Randolph,24,DEN,PF,43,5,527,68,176,0.386,18,61,0.295,50,115,0.435,0.438,52,69,0.754,20,102,122,32,26,19,39,64,206,0,
236,Nando De Colo,26,2TM,SG,47,3,494,64,153,0.418,18,53,0.34,46,100,0.46,0.477,31,35,0.886,14,59,73,65,22,6,35,48,177,0,
237,Isaiah Canaan,22,HOU,PG,22,0,252,31,87,0.356,18,55,0.327,13,32,0.406,0.46,21,29,0.724,7,17,24,22,8,4,21,25,101,0,
238,Metta World Peace,34,NYK,SF,29,1,388,56,141,0.397,17,54,0.315,39,87,0.448,0.457,10,16,0.625,18,41,59,17,24,8,19,44,139,0,
239,Roger Mason,33,MIA,SG,25,2,260,25,67,0.373,17,48,0.354,8,19,0.421,0.5,7,7,1,1,21,22,19,6,1,9,26,74,0,
240,Derrick Rose,25,CHI,PG,10,10,311,58,164,0.354,16,47,0.34,42,117,0.359,0.402,27,32,0.844,9,23,32,43,5,1,34,15,159,0,
241,Brandon Rush,28,UTA,SG,38,0,418,30,90,0.333,16,47,0.34,14,43,0.326,0.422,3,5,0.6,5,39,44,24,5,9,20,31,79,0,
242,Andray Blatche,27,BRK,PF,73,7,1618,321,674,0.476,15,54,0.278,306,620,0.494,0.487,164,221,0.742,120,270,390,112,75,38,110,166,821,0,6MOY-13
243,Charlie Villanueva,29,DET,PF,20,0,180,35,92,0.38,14,56,0.25,21,36,0.583,0.457,8,14,0.571,6,28,34,6,4,5,7,16,92,0,
244,Chauncey Billups,37,DET,SG,19,7,309,24,79,0.304,14,48,0.292,10,31,0.323,0.392,10,12,0.833,4,24,28,42,8,1,25,25,72,0,
245,Al-Farouq Aminu,23,NOP,SF,80,65,2045,234,494,0.474,13,48,0.271,221,446,0.496,0.487,91,137,0.664,129,367,496,114,82,38,88,147,572,0,
246,Anthony Bennett,20,CLE,PF,52,0,663,80,225,0.356,13,53,0.245,67,172,0.39,0.384,44,69,0.638,49,106,155,17,21,8,47,93,217,0,
247,MarShon Brooks,25,3TM,SG,35,0,316,57,125,0.456,13,25,0.52,44,100,0.44,0.508,32,44,0.727,10,44,54,25,14,4,24,21,159,0,
248,Blake Griffin,24,LAC,PF,80,80,2863,718,1359,0.528,12,44,0.273,706,1315,0.537,0.533,482,674,0.715,192,565,757,309,92,51,224,265,1930,1,"MVP-3,AS,NBA2"
249,Cory Joseph,22,SAS,SG,68,19,936,126,265,0.475,12,38,0.316,114,227,0.502,0.498,79,96,0.823,32,75,107,114,35,14,43,84,343,0,
250,Vítor Luiz Faverani,25,BOS,C,37,8,488,64,147,0.435,12,40,0.3,52,107,0.486,0.476,24,37,0.649,42,86,128,16,14,27,41,74,164,0,
251,Shane Larkin,21,DAL,PG,48,0,489,52,137,0.38,12,38,0.316,40,99,0.404,0.423,16,25,0.64,11,31,42,71,26,1,39,46,132,0,
252,Darius Morris,23,3TM,PG,27,0,313,39,96,0.406,12,38,0.316,27,58,0.466,0.469,17,26,0.654,7,19,26,44,13,0,27,33,107,0,
253,Josh Harrellson,24,DET,C,32,0,317,38,82,0.463,12,31,0.387,26,51,0.51,0.537,5,7,0.714,30,46,76,15,6,15,10,44,93,0,
254,Eric Maynor,26,2TM,PG,31,0,327,32,101,0.317,12,37,0.324,20,64,0.313,0.376,6,11,0.545,9,30,39,52,9,3,29,17,82,0,
255,Austin Daye,25,2TM,SF,22,1,148,24,68,0.353,12,37,0.324,12,31,0.387,0.441,6,10,0.6,5,22,27,8,4,4,5,18,66,0,
256,Troy Daniels,22,HOU,SG,5,1,75,15,31,0.484,12,25,0.48,3,6,0.5,0.677,0,0,,0,4,4,5,0,0,3,6,42,0,
257,Tony Allen,32,MEM,SG,55,28,1278,204,413,0.494,11,47,0.234,193,366,0.527,0.507,76,121,0.628,79,129,208,94,90,19,90,121,495,0,
258,Andre Miller,37,2TM,SG,58,2,982,106,231,0.459,11,21,0.524,95,210,0.452,0.483,60,77,0.779,28,102,130,197,34,9,61,75,283,0,
259,Quincy Pondexter,25,MEM,SG,15,2,270,31,79,0.392,11,34,0.324,20,45,0.444,0.462,21,26,0.808,10,16,26,20,5,1,15,18,94,0,
260,Ian Clark,22,UTA,SG,23,0,172,26,67,0.388,11,31,0.355,15,36,0.417,0.47,5,7,0.714,3,16,19,15,8,2,14,24,68,0,
261,Dennis Schröder,20,ATL,PG,49,0,641,72,188,0.383,10,42,0.238,62,146,0.425,0.41,29,43,0.674,5,55,60,93,17,0,61,54,183,0,
262,Will Barton,23,POR,SG,41,0,387,65,156,0.417,10,33,0.303,55,123,0.447,0.449,26,32,0.813,16,58,74,33,9,7,18,31,166,0,
263,Donald Sloan,26,IND,SG,48,1,392,44,117,0.376,10,42,0.238,34,75,0.453,0.419,12,20,0.6,4,40,44,50,10,1,22,19,110,0,
264,Dwyane Wade,32,MIA,SG,54,53,1775,415,761,0.545,9,32,0.281,406,729,0.557,0.551,189,258,0.733,60,181,241,252,79,29,161,106,1028,0,AS
265,Orlando Johnson,24,2TM,SG,45,0,392,36,113,0.319,9,47,0.191,27,66,0.409,0.358,19,26,0.731,9,46,55,20,6,2,15,26,100,0,
266,Ronnie Price,30,ORL,SG,31,2,377,28,92,0.304,9,43,0.209,19,49,0.388,0.353,9,13,0.692,8,35,43,66,25,2,26,50,74,0,
267,Dionte Christmas,27,PHO,SF,31,0,198,22,62,0.355,9,31,0.29,13,31,0.419,0.427,18,24,0.75,13,25,38,8,2,3,6,19,71,0,
268,Marreese Speights,26,GSW,C,79,3,982,195,442,0.441,8,31,0.258,187,411,0.455,0.45,110,134,0.821,101,189,290,32,10,34,66,148,508,0,
269,Steve Nash,39,LAL,PG,15,10,313,36,94,0.383,8,24,0.333,28,70,0.4,0.426,22,24,0.917,4,25,29,86,7,2,31,18,102,0,
270,Ben Gordon,30,CHA,SG,19,0,279,37,108,0.343,8,29,0.276,29,79,0.367,0.38,17,21,0.81,3,24,27,21,10,2,21,18,99,0,
271,Antawn Jamison,37,LAC,PF,22,0,248,29,92,0.315,8,41,0.195,21,51,0.412,0.359,18,25,0.72,9,46,55,7,9,3,7,29,84,0,
272,James Nunnally,23,2TM,SF,13,0,165,15,46,0.326,8,25,0.32,7,21,0.333,0.413,6,9,0.667,1,18,19,8,6,2,7,11,44,0,
273,Drew Gooden,32,WAS,C,22,0,395,76,143,0.531,7,17,0.412,69,126,0.548,0.556,24,27,0.889,37,77,114,15,10,7,17,53,183,0,
274,Leandro Barbosa,31,PHO,PG,20,0,368,56,131,0.427,7,25,0.28,49,106,0.462,0.454,31,39,0.795,5,32,37,32,7,4,19,30,150,0,
275,Gigi Datome,26,DET,SF,34,0,238,34,97,0.351,7,39,0.179,27,58,0.466,0.387,8,10,0.8,14,32,46,11,6,1,11,20,83,0,
276,Chris Singleton,24,WAS,SF,25,0,250,25,67,0.373,7,19,0.368,18,48,0.375,0.425,18,25,0.72,18,37,55,6,9,3,17,25,75,0,
277,Manny Harris,24,LAL,SG,9,0,180,28,70,0.4,7,20,0.35,21,50,0.42,0.45,10,12,0.833,7,27,34,11,4,1,9,10,73,0,
278,Peyton Siva,23,DET,SG,24,0,224,18,57,0.316,7,25,0.28,11,32,0.344,0.377,11,15,0.733,2,12,14,34,9,1,18,27,54,0,
279,Casper Ware,24,PHI,PG,9,0,116,18,42,0.429,7,21,0.333,11,21,0.524,0.512,5,6,0.833,0,9,9,10,8,0,5,11,48,0,
280,Solomon Hill,22,IND,SF,28,0,226,17,40,0.425,7,23,0.304,10,17,0.588,0.513,6,7,0.857,9,32,41,12,5,2,13,19,47,0,
281,Garrett Temple,27,WAS,SG,75,0,638,51,141,0.362,6,29,0.207,45,112,0.402,0.383,30,43,0.698,21,47,68,72,35,11,42,72,138,0,
282,A.J. Price,27,MIN,SG,28,0,99,19,46,0.413,6,22,0.273,13,24,0.542,0.478,0,2,0,1,9,10,13,1,0,7,5,44,0,
283,Allen Crabbe,21,POR,SG,15,0,100,12,33,0.364,6,14,0.429,6,19,0.316,0.455,3,4,0.75,1,8,9,6,2,1,3,10,33,0,
284,Chris Babb,23,BOS,SG,14,0,132,8,30,0.267,6,27,0.222,2,3,0.667,0.367,0,0,,4,13,17,3,6,0,3,13,22,0,
285,Archie Goodwin,19,PHO,SG,52,0,533,76,167,0.455,5,36,0.139,71,131,0.542,0.47,37,55,0.673,25,62,87,20,20,11,44,45,194,0,
286,Toure' Murry,24,NYK,PG,51,0,373,56,129,0.434,5,12,0.417,51,117,0.436,0.453,23,39,0.59,13,31,44,49,19,1,34,46,140,0,
287,Marquis Teague,20,2TM,SG,40,3,443,38,119,0.319,5,18,0.278,33,101,0.327,0.34,26,35,0.743,1,39,40,58,10,5,39,46,107,0,
288,Gal Mekel,25,DAL,PG,31,1,292,30,86,0.349,5,20,0.25,25,66,0.379,0.378,8,12,0.667,5,22,27,63,4,1,31,31,73,0,
289,Dwight Buycks,24,TOR,PG,14,0,146,15,48,0.313,5,17,0.294,10,31,0.323,0.365,8,9,0.889,4,19,23,10,8,0,10,11,43,0,
290,Jamaal Franklin,22,MEM,SG,21,0,161,16,39,0.41,5,11,0.455,11,28,0.393,0.474,2,2,1,4,19,23,6,4,2,11,23,39,0,
291,Glen Rice Jr.,23,WAS,SG,11,1,109,11,37,0.297,5,17,0.294,6,20,0.3,0.365,5,7,0.714,4,16,20,7,6,1,9,7,32,0,
292,David West,33,IND,PF,80,80,2472,458,939,0.488,4,15,0.267,454,924,0.491,0.49,198,251,0.789,120,422,542,223,61,74,133,186,1118,0,
293,Pau Gasol,33,LAL,C,60,60,1884,425,885,0.48,4,14,0.286,421,871,0.483,0.482,187,254,0.736,124,456,580,201,27,92,141,124,1041,0,
294,Timofey Mozgov,27,DEN,C,82,30,1770,285,545,0.523,4,24,0.167,281,521,0.539,0.527,196,260,0.754,171,357,528,62,27,100,122,213,770,0,6MOY-13
295,Glen Davis,28,2TM,PF,68,44,1662,271,593,0.457,4,11,0.364,267,582,0.459,0.46,95,137,0.693,108,243,351,77,58,29,76,159,641,0,
296,Al Horford,27,ATL,C,29,29,958,238,420,0.567,4,11,0.364,234,409,0.572,0.571,58,85,0.682,66,178,244,76,27,44,64,56,538,0,
297,Nick Collison,33,OKC,PF,81,0,1353,134,241,0.556,4,17,0.235,130,224,0.58,0.564,66,93,0.71,116,177,293,104,30,28,71,187,338,0,
298,Luc Mbah a Moute,27,2TM,PF,64,7,1003,87,193,0.451,4,17,0.235,83,176,0.472,0.461,46,67,0.687,56,90,146,36,30,14,40,68,224,0,
299,Quincy Acy,23,2TM,SF,63,0,847,66,141,0.468,4,15,0.267,62,126,0.492,0.482,35,53,0.66,72,144,216,28,23,26,30,122,171,0,
300,Otto Porter Jr.,20,WAS,SF,37,0,319,33,91,0.363,4,21,0.19,29,70,0.414,0.385,8,12,0.667,21,36,57,10,8,1,14,26,78,0,
301,John Jenkins,22,ATL,SG,13,0,158,16,42,0.381,4,18,0.222,12,24,0.5,0.429,4,4,1,3,19,22,11,1,1,11,11,40,0,
302,Sergey Karasev,20,CLE,SF,22,1,156,12,35,0.343,4,19,0.211,8,16,0.5,0.4,9,10,0.9,0,16,16,6,3,1,11,22,37,0,
303,Robert Covington,23,HOU,SF,7,0,34,6,14,0.429,4,11,0.364,2,3,0.667,0.571,0,0,,2,3,5,0,2,0,1,3,16,0,
304,LaMarcus Aldridge,28,POR,PF,69,69,2498,652,1423,0.458,3,15,0.2,649,1408,0.461,0.459,296,360,0.822,166,599,765,178,63,68,123,147,1603,0,"MVP-10,AS,NBA3"
305,Al Jefferson,29,CHA,C,73,73,2553,700,1376,0.509,3,15,0.2,697,1361,0.512,0.51,191,277,0.69,156,636,792,155,67,79,124,176,1594,0,"MVP-8,NBA3"
306,Chris Andersen,35,MIA,C,72,0,1396,177,275,0.644,3,12,0.25,174,263,0.662,0.649,120,169,0.71,129,250,379,19,32,97,53,162,477,0,6MOY-11
307,Shabazz Muhammad,21,MIN,SG,37,0,290,57,124,0.46,3,11,0.273,54,113,0.478,0.472,26,40,0.65,24,29,53,6,8,1,16,24,143,0,
308,Tyshawn Taylor,23,BRK,PG,23,3,270,31,91,0.341,3,12,0.25,28,79,0.354,0.357,24,30,0.8,3,12,15,36,12,1,31,29,89,0,
309,Kobe Bryant,35,LAL,SG,6,6,177,31,73,0.425,3,16,0.188,28,57,0.491,0.445,18,21,0.857,2,24,26,38,7,1,34,9,83,0,AS
310,Lorenzo Brown,23,PHI,PG,26,0,224,26,86,0.302,3,30,0.1,23,56,0.411,0.32,9,13,0.692,8,20,28,41,13,3,16,19,64,0,
311,Jorge Gutiérrez,25,BRK,PG,15,2,244,25,54,0.463,3,12,0.25,22,42,0.524,0.491,9,12,0.75,3,19,22,30,10,1,14,37,62,0,
312,Victor Claver,25,POR,SF,21,0,184,17,42,0.405,3,18,0.167,14,24,0.583,0.44,10,11,0.909,9,30,39,12,3,3,11,16,47,0,
313,Justin Hamilton,23,2TM,C,8,0,72,9,20,0.45,3,9,0.333,6,11,0.545,0.525,5,5,1,4,3,7,0,5,0,4,8,26,0,
314,Nemanja Nedović,22,GSW,SG,24,0,142,8,39,0.205,3,18,0.167,5,21,0.238,0.244,7,8,0.875,3,12,15,13,0,1,13,13,26,0,
315,Ricky Ledo,21,DAL,SG,11,0,33,6,17,0.353,3,8,0.375,3,9,0.333,0.441,4,4,1,0,2,2,2,1,0,2,2,19,0,
316,James Southerland,23,2TM,SF,4,0,30,5,15,0.333,3,6,0.5,2,9,0.222,0.433,1,2,0.5,0,8,8,0,1,2,1,3,14,0,
317,Keith Bogans,33,BOS,SG,6,0,55,3,6,0.5,3,6,0.5,0,0,,0.75,3,3,1,0,3,3,3,1,0,1,2,12,0,
318,Anthony Davis,20,NOP,PF,67,66,2358,522,1005,0.519,2,9,0.222,520,996,0.522,0.52,348,440,0.791,207,466,673,105,89,189,109,200,1394,0,"DPOY-8,AS"
319,Zach Randolph,32,MEM,PF,79,79,2705,560,1198,0.467,2,20,0.1,558,1178,0.474,0.468,250,337,0.742,265,530,795,200,54,23,183,210,1372,0,
320,Dwight Howard,28,HOU,C,71,71,2396,473,800,0.591,2,7,0.286,471,793,0.594,0.593,349,638,0.547,231,635,866,131,60,128,229,240,1297,0,"DPOY-8,AS,NBA2"
321,Brandon Bass,28,BOS,PF,82,73,2266,352,725,0.486,2,6,0.333,350,719,0.487,0.487,205,239,0.858,161,309,470,87,36,71,102,190,911,0,
322,Roy Hibbert,27,IND,C,81,81,2409,331,754,0.439,2,5,0.4,329,749,0.439,0.44,207,269,0.77,202,336,538,91,29,182,148,269,871,0,"DPOY-2,AS,DEF2"
323,Marc Gasol,29,MEM,C,59,59,1970,336,711,0.473,2,11,0.182,334,700,0.477,0.474,185,241,0.768,84,340,424,215,59,76,111,150,859,0,DPOY-15
324,Lavoy Allen,24,2TM,PF,65,2,1072,134,300,0.447,2,13,0.154,132,287,0.46,0.45,33,50,0.66,119,192,311,71,24,33,44,126,303,0,
325,Brandon Davies,22,PHI,PF,51,0,575,54,128,0.422,2,10,0.2,52,118,0.441,0.43,34,53,0.642,38,71,109,28,24,8,35,92,144,0,
326,Andre Roberson,22,OKC,SG,40,16,399,33,68,0.485,2,13,0.154,31,55,0.564,0.5,7,10,0.7,36,58,94,15,19,10,19,74,75,0,
327,Carrick Felix,23,CLE,SG,7,0,38,7,14,0.5,2,5,0.4,5,9,0.556,0.571,3,4,0.75,1,5,6,4,0,0,4,4,19,0,
328,Julyan Stone,25,TOR,SG,21,0,120,7,17,0.412,2,8,0.25,5,9,0.556,0.471,2,3,0.667,2,18,20,12,3,0,5,13,18,0,
329,Earl Watson,34,POR,PG,24,0,161,3,11,0.273,2,7,0.286,1,4,0.25,0.364,4,4,1,5,10,15,28,5,1,17,33,12,0,
330,Marcin Gortat,29,WAS,C,81,80,2655,455,840,0.542,1,1,1,454,839,0.541,0.542,157,229,0.686,202,565,767,138,41,121,126,201,1068,0,
331,Nenê,31,WAS,PF,53,37,1560,299,594,0.503,1,5,0.2,298,589,0.506,0.504,155,266,0.583,65,229,294,153,64,47,117,164,754,0,
332,Shaun Livingston,28,BRK,PG,76,54,1974,235,487,0.483,1,6,0.167,234,481,0.486,0.484,158,191,0.827,67,179,246,245,93,31,105,172,629,0,
333,Luis Scola,33,IND,PF,82,2,1399,263,560,0.47,1,7,0.143,262,553,0.474,0.471,99,136,0.728,86,305,391,81,26,16,108,164,626,0,
334,Michael Kidd-Gilchrist,20,CHA,SF,62,62,1502,167,353,0.473,1,9,0.111,166,344,0.483,0.475,113,184,0.614,109,215,324,52,43,39,60,145,448,0,
335,Gorgui Dieng,24,MIN,C,60,15,818,113,227,0.498,1,1,1,112,226,0.496,0.5,59,93,0.634,103,197,300,39,30,50,54,108,286,0,ROY-6
336,Ish Smith,25,PHO,PG,70,1,1006,119,281,0.423,1,23,0.043,118,258,0.457,0.425,22,39,0.564,31,98,129,179,49,13,65,66,261,0,
337,Andrei Kirilenko,32,BRK,PF,45,4,857,82,160,0.513,1,5,0.2,81,155,0.523,0.516,61,119,0.513,55,91,146,72,40,19,54,65,226,0,
338,Jared Cunningham,22,2TM,SG,13,0,80,6,21,0.286,1,7,0.143,5,14,0.357,0.31,13,16,0.813,1,5,6,8,3,0,2,16,26,0,
339,Tony Mitchell,21,DET,PF,21,0,79,5,12,0.417,1,1,1,4,11,0.364,0.458,11,19,0.579,15,11,26,2,6,3,4,9,22,0,
340,Stephen Jackson,35,LAC,SF,9,0,107,6,26,0.231,1,14,0.071,5,12,0.417,0.25,2,4,0.5,2,8,10,5,6,1,6,11,15,0,
341,Malcolm Thomas,25,2TM,PF,8,0,63,7,16,0.438,1,4,0.25,6,12,0.5,0.469,0,2,0,5,16,21,2,0,3,9,5,15,0,
342,Adonis Thomas,20,2TM,SF,6,1,37,6,14,0.429,1,5,0.2,5,9,0.556,0.464,1,1,1,0,3,3,3,0,0,1,6,14,0,
343,Mike James,38,CHI,PG,11,0,77,5,21,0.238,1,5,0.2,4,16,0.25,0.262,0,2,0,0,7,7,17,2,0,5,11,11,0,
344,Reggie Williams,27,OKC,SF,3,0,17,5,9,0.556,1,3,0.333,4,6,0.667,0.611,0,0,,0,0,0,1,1,0,2,1,11,0,
345,Jamaal Tinsley,35,UTA,PG,8,5,110,4,20,0.2,1,15,0.067,3,5,0.6,0.225,0,0,,2,9,11,23,2,0,9,10,9,0,
346,Ronnie Brewer,28,2TM,SF,24,3,160,3,15,0.2,1,8,0.125,2,7,0.286,0.233,0,2,0,2,12,14,10,6,1,2,4,7,0,
347,Sasha Vujačić,29,LAC,SG,2,0,10,2,5,0.4,1,2,0.5,1,3,0.333,0.5,0,0,,0,3,3,0,1,0,3,1,5,0,
348,Seth Curry,23,2TM,PG,2,0,13,1,3,0.333,1,1,1,0,2,0,0.5,0,0,,0,1,1,0,2,0,0,0,3,0,
349,DeMarcus Cousins,23,SAC,C,71,71,2298,591,1191,0.496,0,7,0,591,1184,0.499,0.496,432,595,0.726,218,613,831,207,109,91,251,270,1614,0,
350,David Lee,30,GSW,PF,69,67,2288,513,981,0.523,0,1,0,513,980,0.523,0.523,231,296,0.78,182,461,643,147,48,26,152,206,1257,0,
351,Greg Monroe,23,DET,PF,82,82,2690,504,1015,0.497,0,1,0,504,1014,0.497,0.497,241,367,0.657,256,504,760,171,91,47,166,205,1249,0,
352,Tim Duncan,37,SAS,C,74,74,2158,444,906,0.49,0,5,0,444,901,0.493,0.49,231,316,0.731,158,563,721,220,43,139,159,134,1119,0,"MVP-12,DPOY-13"
353,Kenneth Faried,24,DEN,PF,80,77,2178,447,820,0.545,0,3,0,447,817,0.547,0.545,202,311,0.65,238,446,684,96,70,69,135,193,1096,0,
354,Andre Drummond,20,DET,C,81,81,2619,479,769,0.623,0,2,0,479,767,0.625,0.623,137,328,0.418,440,631,1071,35,101,131,110,273,1095,0,
355,Taj Gibson,28,CHI,PF,82,8,2351,429,896,0.479,0,7,0,429,889,0.483,0.479,211,281,0.751,200,358,558,91,41,112,150,207,1069,0,6MOY-2
356,Carlos Boozer,32,CHI,PF,76,76,2141,447,980,0.456,0,2,0,447,978,0.457,0.456,148,193,0.767,137,495,632,118,53,22,154,216,1042,0,
357,Joakim Noah,28,CHI,C,80,80,2820,380,800,0.475,0,2,0,380,798,0.476,0.475,247,335,0.737,282,618,900,431,99,121,194,245,1007,4,"MVP-4,DPOY-1,AS,NBA1,DEF1"
358,Enes Freedom,21,UTA,C,80,37,2138,419,853,0.491,0,1,0,419,852,0.492,0.491,149,204,0.73,222,376,598,75,28,42,144,230,987,0,6MOY-8
359,Derrick Favors,22,UTA,PF,73,73,2201,390,747,0.522,0,1,0,390,746,0.523,0.522,190,284,0.669,199,438,637,91,75,108,129,236,970,0,
360,Tristan Thompson,22,CLE,PF,82,82,2594,363,761,0.477,0,1,0,363,760,0.478,0.477,235,339,0.693,269,485,754,72,42,35,108,188,961,0,
361,Nikola Peković,28,MIN,C,54,54,1663,379,701,0.541,0,0,,379,701,0.541,0.541,186,249,0.747,206,262,468,50,30,23,84,129,944,0,
362,Jonas Valančiūnas,21,TOR,C,81,81,2282,359,676,0.531,0,1,0,359,675,0.532,0.531,198,260,0.762,226,488,714,57,24,71,136,249,916,0,
363,Robin Lopez,25,POR,C,82,82,2603,355,644,0.551,0,1,0,355,643,0.552,0.551,198,242,0.818,326,374,700,73,25,139,84,196,908,0,
364,DeAndre Jordan,25,LAC,C,82,82,2870,348,515,0.676,0,0,,348,515,0.676,0.676,160,374,0.428,331,783,1114,74,80,203,123,264,856,0,DPOY-3
365,J.J. Hickson,25,DEN,PF,69,52,1859,332,654,0.508,0,8,0,332,646,0.514,0.508,150,290,0.517,206,426,632,96,47,51,128,177,814,0,
366,Nikola Vučević,23,ORL,C,57,57,1812,353,696,0.507,0,0,,353,696,0.507,0.507,105,137,0.766,185,441,626,104,60,47,112,169,811,0,
367,John Henson,23,MIL,PF,70,23,1856,344,639,0.538,0,1,0,344,638,0.539,0.538,91,177,0.514,171,326,497,113,41,116,114,185,779,0,
368,Amar'e Stoudemire,31,NYK,C,65,21,1466,311,558,0.557,0,0,,311,558,0.557,0.557,150,203,0.739,112,208,320,34,23,37,91,159,772,0,
369,Jordan Hill,26,LAL,PF,72,32,1500,286,521,0.549,0,1,0,286,520,0.55,0.549,124,181,0.685,194,341,535,54,29,64,75,172,696,0,
370,Miles Plumlee,25,PHO,C,80,79,1964,286,553,0.517,0,0,,286,553,0.517,0.517,74,132,0.561,198,428,626,43,50,90,111,185,646,0,
371,Jason Thompson,27,SAC,PF,82,61,2007,251,496,0.506,0,0,,251,496,0.506,0.506,84,145,0.579,153,374,527,53,32,56,95,251,586,0,
372,Kris Humphries,28,BOS,PF,69,30,1376,231,461,0.501,0,2,0,231,459,0.503,0.501,117,144,0.813,127,282,409,67,31,61,64,136,579,0,
373,Anderson Varejão,31,CLE,C,65,29,1800,227,459,0.495,0,7,0,227,452,0.502,0.495,92,135,0.681,187,442,629,140,69,39,72,164,546,0,
374,Samuel Dalembert,32,DAL,C,80,68,1614,214,377,0.568,0,1,0,214,376,0.569,0.568,101,137,0.737,200,341,541,38,41,94,90,210,529,0,
375,Brandan Wright,26,DAL,C,58,0,1077,224,331,0.677,0,0,,224,331,0.677,0.677,77,106,0.726,102,142,244,31,32,55,35,94,525,0,
376,Mason Plumlee,23,BRK,C,70,22,1275,199,302,0.659,0,3,0,199,299,0.666,0.659,122,195,0.626,99,209,308,60,49,55,77,171,520,0,ROY-4
377,Kosta Koufos,24,MEM,C,80,22,1349,227,459,0.495,0,0,,227,459,0.495,0.495,60,93,0.645,160,258,418,39,32,71,67,182,514,0,
378,Dante Cunningham,26,MIN,PF,81,7,1635,236,509,0.464,0,5,0,236,504,0.468,0.464,38,67,0.567,112,218,330,83,62,58,42,146,510,0,
379,DeJuan Blair,24,DAL,PF,78,13,1214,210,393,0.534,0,2,0,210,391,0.537,0.534,77,121,0.636,139,229,368,70,60,21,77,192,497,0,
380,Andrew Bogut,29,GSW,C,67,67,1769,235,375,0.627,0,0,,235,375,0.627,0.627,22,64,0.344,182,489,671,112,47,121,97,210,492,0,DPOY-10
381,Trevor Booker,26,WAS,PF,72,45,1553,222,403,0.551,0,2,0,222,401,0.554,0.551,47,76,0.618,149,230,379,64,41,45,58,131,491,0,
382,Cody Zeller,21,CHA,C,82,3,1416,172,404,0.426,0,1,0,172,403,0.427,0.426,146,200,0.73,118,235,353,92,40,41,87,170,490,0,
383,Tiago Splitter,29,SAS,C,59,50,1271,181,346,0.523,0,3,0,181,343,0.528,0.523,121,173,0.699,123,240,363,90,29,31,75,117,483,0,
384,Tyson Chandler,31,NYK,C,55,55,1662,191,322,0.593,0,1,0,191,321,0.595,0.593,98,155,0.632,159,370,529,59,36,63,71,145,480,0,
385,Kyle O'Quinn,23,ORL,C,69,19,1188,186,371,0.501,0,3,0,186,368,0.505,0.501,57,83,0.687,100,264,364,78,39,88,78,165,429,0,
386,Elton Brand,34,ATL,C,73,15,1414,179,332,0.539,0,2,0,179,330,0.542,0.539,61,94,0.649,97,264,361,74,40,88,60,192,419,0,
387,Zaza Pachulia,29,MIL,C,53,43,1325,149,349,0.427,0,1,0,149,348,0.428,0.427,110,130,0.846,141,192,333,136,45,14,92,124,408,0,
388,Chris Kaman,31,LAL,C,39,13,736,176,346,0.509,0,3,0,176,343,0.513,0.509,52,68,0.765,54,175,229,58,11,40,74,93,404,0,
389,Jeremy Evans,26,UTA,SF,66,4,1209,175,332,0.527,0,2,0,175,330,0.53,0.527,51,75,0.68,120,190,310,44,42,46,40,139,401,0,
390,Tyler Zeller,24,CLE,C,70,9,1049,156,290,0.538,0,1,0,156,289,0.54,0.538,87,121,0.719,103,179,282,36,18,38,60,137,399,0,
391,Jeff Adrien,27,2TM,PF,53,12,961,143,275,0.52,0,0,,143,275,0.52,0.52,76,119,0.639,102,204,306,38,24,36,39,108,362,0,
392,Ed Davis,24,MEM,PF,63,4,956,155,290,0.534,0,0,,155,290,0.534,0.534,47,89,0.528,92,168,260,27,17,43,40,114,357,0,
393,Kevin Garnett,37,BRK,C,54,54,1109,157,356,0.441,0,3,0,157,353,0.445,0.441,38,47,0.809,60,298,358,82,43,40,69,123,352,0,
394,Brook Lopez,25,BRK,C,17,17,533,129,229,0.563,0,1,0,129,228,0.566,0.563,94,115,0.817,39,63,102,16,9,30,28,52,352,0,
395,Robert Sacre,24,LAL,C,65,13,1089,143,300,0.477,0,0,,143,300,0.477,0.477,64,94,0.681,82,172,254,51,24,47,44,134,350,0,
396,Henry Sims,23,2TM,C,46,25,875,130,274,0.474,0,1,0,130,273,0.476,0.474,90,121,0.744,104,133,237,52,28,20,41,116,350,0,
397,Jermaine O'Neal,35,GSW,PF,44,13,883,125,248,0.504,0,0,,125,248,0.504,0.504,99,132,0.75,85,157,242,25,14,40,52,102,349,0,
398,Thomas Robinson,22,POR,PF,70,0,873,141,293,0.481,0,1,0,141,292,0.483,0.481,57,101,0.564,105,202,307,34,23,20,57,131,339,0,
399,Alexis Ajinça,25,NOP,C,56,30,951,136,249,0.546,0,1,0,136,248,0.548,0.546,56,67,0.836,94,183,277,40,23,46,63,187,328,0,
400,Tyler Hansbrough,28,TOR,PF,64,4,978,93,196,0.474,0,2,0,93,194,0.479,0.474,126,185,0.681,120,167,287,17,28,19,47,132,312,0,
401,Jason Smith,27,NOP,PF,31,27,830,131,282,0.465,0,0,,131,282,0.465,0.465,39,50,0.78,51,130,181,29,11,29,28,100,301,0,
402,Ömer Aşık,27,HOU,C,48,19,968,101,190,0.532,0,0,,101,190,0.532,0.532,78,126,0.619,101,277,378,25,14,37,59,92,280,0,
403,Ian Mahinmi,27,IND,C,77,1,1248,91,189,0.481,0,1,0,91,188,0.484,0.481,90,145,0.621,107,150,257,24,41,72,58,207,272,0,
404,Steven Adams,20,OKC,C,81,20,1197,93,185,0.503,0,0,,93,185,0.503,0.503,79,136,0.581,142,190,332,43,40,57,71,203,265,0,ROY-7
405,Kevin Séraphin,24,WAS,C,53,1,578,111,220,0.505,0,0,,111,220,0.505,0.505,27,31,0.871,53,75,128,17,3,26,41,103,249,0,
406,Jeff Ayres,26,SAS,PF,73,10,952,101,174,0.58,0,0,,101,174,0.58,0.58,38,55,0.691,89,169,258,60,13,25,63,146,240,0,
407,Andrew Bynum,26,2TM,C,26,19,516,94,225,0.418,0,0,,94,225,0.418,0.418,37,49,0.755,53,92,145,29,6,29,34,31,225,0,
408,Bismack Biyombo,21,CHA,C,77,9,1072,88,144,0.611,0,0,,88,144,0.611,0.611,46,89,0.517,105,261,366,8,7,86,40,124,222,0,
409,Reggie Evans,33,2TM,PF,54,20,899,71,150,0.473,0,0,,71,150,0.473,0.473,72,130,0.554,115,219,334,21,37,3,58,119,214,0,
410,Kendrick Perkins,29,OKC,C,62,62,1207,87,193,0.451,0,1,0,87,192,0.453,0.451,37,67,0.552,82,223,305,67,26,32,90,177,211,0,
411,Jan Veselý,23,2TM,PF,54,1,776,89,173,0.514,0,0,,89,173,0.514,0.514,19,56,0.339,81,110,191,21,53,35,36,121,197,0,
412,Jeff Withey,23,NOP,C,58,4,684,69,129,0.535,0,1,0,69,128,0.539,0.535,52,73,0.712,49,101,150,26,15,50,20,73,190,0,
413,Miroslav Raduljica,26,MIL,C,48,2,465,68,126,0.54,0,0,,68,126,0.54,0.54,45,55,0.818,54,54,108,23,7,13,28,84,181,0,
414,Larry Sanders,25,MIL,C,23,20,584,76,162,0.469,0,1,0,76,161,0.472,0.469,26,55,0.473,60,105,165,19,18,40,26,74,178,0,
415,Joel Freeland,26,POR,C,52,0,727,77,162,0.475,0,2,0,77,160,0.481,0.475,20,29,0.69,88,120,208,36,10,22,32,95,174,0,
416,Udonis Haslem,33,MIA,PF,46,18,653,74,146,0.507,0,0,,74,146,0.507,0.507,25,44,0.568,42,133,175,13,11,15,24,79,173,0,
417,Aron Baynes,27,SAS,C,53,4,491,71,163,0.436,0,0,,71,163,0.436,0.436,19,21,0.905,57,88,145,34,2,5,36,77,161,0,
418,Greg Stiemsma,28,NOP,C,55,20,1007,70,122,0.574,0,1,0,70,121,0.579,0.574,19,32,0.594,72,154,226,36,35,57,44,169,159,0,
419,Ronny Turiaf,31,MIN,C,31,10,606,64,107,0.598,0,0,,64,107,0.598,0.598,21,50,0.42,55,119,174,24,8,50,24,65,149,0,
420,Jeremy Tyler,22,NYK,C,41,0,398,60,116,0.517,0,0,,60,116,0.517,0.517,26,48,0.542,38,71,109,8,6,20,26,70,146,0,
421,Ekpe Udoh,26,MIL,PF,42,14,804,57,143,0.399,0,0,,57,143,0.399,0.399,30,47,0.638,61,87,148,31,15,44,38,96,144,0,
422,Ryan Hollins,29,LAC,PF,61,0,482,53,72,0.736,0,0,,53,72,0.736,0.736,35,56,0.625,31,59,90,8,9,31,29,87,141,0,
423,Kenyon Martin,36,NYK,PF,32,15,633,63,123,0.512,0,1,0,63,122,0.516,0.512,11,19,0.579,36,98,134,50,25,27,26,85,137,0,
424,Chuck Hayes,30,2TM,C,61,1,754,56,130,0.431,0,1,0,56,129,0.434,0.431,20,25,0.8,69,141,210,35,34,12,33,95,132,0,
425,Nazr Mohammed,36,CHI,C,80,1,562,54,126,0.429,0,0,,54,126,0.429,0.429,16,30,0.533,66,109,175,20,14,30,37,77,124,0,
426,Gustavo Ayón,28,ATL,C,26,14,429,52,102,0.51,0,0,,52,102,0.51,0.51,8,20,0.4,42,83,125,28,25,10,29,47,112,0,
427,Jason Maxiell,30,ORL,PF,34,13,488,47,105,0.448,0,0,,47,105,0.448,0.448,15,31,0.484,28,58,86,9,8,20,14,47,109,0,
428,Rudy Gobert,21,UTA,C,45,0,434,36,74,0.486,0,0,,36,74,0.486,0.486,32,65,0.492,51,104,155,7,8,41,32,57,104,0,
429,Jarvis Varnado,25,2TM,PF,24,0,339,36,60,0.6,0,0,,36,60,0.6,0.6,27,52,0.519,19,44,63,13,10,29,10,62,99,0,
430,Meyers Leonard,21,POR,C,40,0,355,41,91,0.451,0,6,0,41,85,0.482,0.451,16,21,0.762,26,85,111,18,7,5,15,76,98,0,
431,Dewayne Dedmon,24,3TM,C,31,6,390,38,83,0.458,0,0,,38,83,0.458,0.458,21,32,0.656,38,89,127,5,7,22,18,66,97,0,
432,Cole Aldrich,25,NYK,C,46,2,330,33,61,0.541,0,0,,33,61,0.541,0.541,26,30,0.867,37,92,129,14,8,30,18,40,92,0,
433,Alex Len,20,PHO,C,42,3,362,33,78,0.423,0,0,,33,78,0.423,0.423,20,31,0.645,39,60,99,4,4,18,26,68,86,0,
434,Mike Harris,30,UTA,PF,20,0,225,29,61,0.475,0,2,0,29,59,0.492,0.475,26,27,0.963,15,18,33,5,16,7,11,36,84,0,
435,Carl Landry,30,SAC,PF,18,1,233,31,60,0.517,0,0,,31,60,0.517,0.517,14,17,0.824,15,42,57,5,3,1,9,34,76,0,
436,Mike Muscala,22,ATL,PF,20,0,215,31,73,0.425,0,3,0,31,70,0.443,0.425,14,14,1,17,35,52,7,3,10,12,29,76,0,
437,Landry Fields,25,TOR,SF,30,2,322,27,67,0.403,0,5,0,27,62,0.435,0.403,14,22,0.636,15,44,59,20,10,3,11,25,68,0,
438,Greg Oden,26,MIA,C,23,6,212,27,49,0.551,0,0,,27,49,0.551,0.551,13,23,0.565,23,31,54,1,7,13,12,52,67,0,
439,Daniel Orton,23,PHI,C,22,4,251,21,47,0.447,0,0,,21,47,0.447,0.447,23,30,0.767,16,45,61,15,6,16,18,38,65,0,
440,Aaron Gray,29,2TM,C,37,6,355,27,61,0.443,0,1,0,27,60,0.45,0.443,11,20,0.55,42,69,111,22,10,8,31,64,65,0,
441,Shannon Brown,28,2TM,SG,29,1,251,24,66,0.364,0,2,0,24,64,0.375,0.364,15,21,0.714,7,21,28,9,13,0,18,24,63,0,
442,Chris Wright,25,MIL,SF,8,0,126,21,35,0.6,0,1,0,21,34,0.618,0.6,6,15,0.4,10,10,20,5,7,5,5,17,48,0,
443,Lou Amundson,31,2TM,PF,19,0,185,16,32,0.5,0,0,,16,32,0.5,0.5,6,24,0.25,28,27,55,6,9,11,14,49,38,0,
444,Greg Smith,23,HOU,C,11,0,100,18,28,0.643,0,0,,18,28,0.643,0.643,2,5,0.4,11,16,27,0,1,2,5,17,38,0,
445,Arnett Moultrie,23,PHI,PF,12,2,187,16,38,0.421,0,0,,16,38,0.421,0.421,4,5,0.8,11,24,35,2,8,4,7,22,36,0,
446,JaVale McGee,26,DEN,C,5,5,79,17,38,0.447,0,0,,17,38,0.447,0.447,1,1,1,10,7,17,2,1,7,8,16,35,0,
447,Tornike Shengelia,22,2TM,SF,26,0,154,13,28,0.464,0,6,0,13,22,0.591,0.464,3,8,0.375,4,12,16,14,3,1,12,18,29,0,
448,Bernard James,28,DAL,C,30,0,146,11,23,0.478,0,1,0,11,22,0.5,0.478,6,11,0.545,15,27,42,3,3,8,10,24,28,0,
449,Joel Anthony,31,2TM,C,33,0,186,12,32,0.375,0,0,,12,32,0.375,0.375,4,8,0.5,15,23,38,2,3,12,3,17,28,0,
450,Hasheem Thabeet,26,OKC,C,23,0,192,13,23,0.565,0,0,,13,23,0.565,0.565,1,5,0.2,9,31,40,1,4,9,14,47,27,0,
451,Hilton Armstrong,29,GSW,C,15,1,97,9,19,0.474,0,0,,9,19,0.474,0.474,7,16,0.438,19,28,47,5,4,4,6,11,25,0,
452,Jason Collins,35,BRK,C,22,1,172,11,24,0.458,0,3,0,11,21,0.524,0.458,3,4,0.75,7,12,19,4,8,1,7,30,25,0,
453,Viacheslav Kravtsov,26,PHO,C,20,0,59,8,15,0.533,0,0,,8,15,0.533,0.533,4,8,0.5,9,8,17,1,0,1,6,7,20,0,
454,Shavlik Randolph,30,PHO,PF,14,0,95,7,14,0.5,0,0,,7,14,0.5,0.5,6,11,0.545,7,18,25,1,3,1,5,15,20,0,
455,Ognjen Kuzmić,23,GSW,C,21,0,92,5,13,0.385,0,0,,5,13,0.385,0.385,5,11,0.455,10,11,21,2,3,4,10,17,15,0,
456,Solomon Jones,29,ORL,PF,11,0,85,6,17,0.353,0,0,,6,17,0.353,0.353,2,4,0.5,8,8,16,2,2,2,2,12,14,0,
457,Othyus Jeffers,28,2TM,SG,6,1,47,3,6,0.5,0,2,0,3,4,0.75,0.5,3,4,0.75,1,8,9,1,0,0,1,3,9,0,
458,D.J. Stephens,23,MIL,SG,3,0,15,3,7,0.429,0,0,,3,7,0.429,0.429,1,1,1,1,4,5,0,0,0,0,0,7,0,
459,Melvin Ely,35,NOP,C,2,0,27,3,6,0.5,0,0,,3,6,0.5,0.5,0,0,,0,1,1,0,0,1,0,5,6,0,
460,Ryan Gomes,31,OKC,SF,5,0,34,3,8,0.375,0,2,0,3,6,0.5,0.375,0,0,,0,4,4,1,0,0,1,5,6,0,
461,Damion James,26,SAS,SF,5,1,50,2,9,0.222,0,2,0,2,7,0.286,0.222,2,2,1,1,11,12,3,0,1,1,3,6,0,
462,Tony Mitchell,24,MIL,SF,3,0,10,3,5,0.6,0,1,0,3,4,0.75,0.6,0,0,,1,0,1,1,1,0,0,0,6,0,
463,Erik Murphy,23,CHI,C,24,0,62,3,13,0.231,0,3,0,3,10,0.3,0.231,0,0,,2,6,8,2,0,4,2,7,6,0,
464,Hamady N'Diaye,27,SAC,C,14,0,74,3,9,0.333,0,0,,3,9,0.333,0.333,0,1,0,5,13,18,3,0,4,3,15,6,0,
465,Lance Thomas,25,NOP,SF,5,0,42,2,9,0.222,0,0,,2,9,0.222,0.222,2,4,0.5,2,5,7,3,0,0,2,4,6,0,
466,Vander Blue,21,BOS,SG,3,0,15,2,4,0.5,0,1,0,2,3,0.667,0.5,1,5,0.2,0,3,3,1,0,0,2,1,5,0,
467,Josh Powell,31,HOU,PF,1,0,19,2,6,0.333,0,0,,2,6,0.333,0.333,0,0,,0,5,5,0,0,1,1,1,4,0,
468,Andris Biedriņš,27,UTA,C,6,0,45,1,1,1,0,0,,1,1,1,1,1,6,0.167,2,15,17,0,0,0,2,6,3,0,
469,Arinze Onuaku,26,2TM,PF,5,0,30,1,5,0.2,0,0,,1,5,0.2,0.2,1,2,0.5,2,6,8,3,0,0,1,3,3,0,
470,Shane Edwards,26,CLE,SF,2,0,12,1,3,0.333,0,0,,1,3,0.333,0.333,0,0,,1,1,2,0,0,0,1,1,2,0,
471,DeAndre Liggins,25,MIA,SG,1,0,1,1,1,1,0,0,,1,1,1,1,0,0,,1,0,1,0,0,0,0,0,2,0,
472,Maalik Wayns,22,LAC,PG,2,0,9,1,2,0.5,0,0,,1,2,0.5,0.5,0,0,,0,2,2,2,2,0,0,4,2,0,
473,Scotty Hopson,24,CLE,SG,2,0,7,0,4,0,0,2,0,0,2,0,0,1,2,0.5,0,0,0,1,1,0,0,0,1,0,
474,Mustafa Shakur,29,OKC,PG,3,0,11,0,3,0,0,1,0,0,2,0,0,1,2,0.5,0,0,0,4,0,0,2,2,1,0,
475,Josh Childress,30,NOP,SF,4,0,24,0,0,,0,0,,0,0,,,0,0,,0,3,3,2,1,0,1,1,0,0,
476,Elias Harris,24,LAL,SF,2,0,11,0,1,0,0,0,,0,1,0,0,0,0,,1,0,1,1,1,0,0,0,0,0,
477,Royal Ivey,32,OKC,SG,2,0,5,0,2,0,0,1,0,0,1,0,0,0,0,,0,1,1,0,0,0,0,1,0,0,
478,Darius Johnson-Odom,24,PHI,SG,3,0,15,0,7,0,0,3,0,0,4,0,0,0,2,0,0,2,2,1,1,0,2,3,0,0,
479,Dexter Pittman,25,ATL,C,2,0,3,0,1,0,0,0,,0,1,0,0,0,2,0,3,0,3,0,0,0,0,0,0,0,
480,Chris Smith,26,NYK,PG,2,0,2,0,0,,0,0,,0,0,,,0,0,,0,0,0,0,0,0,0,0,0,0,
481,D.J. White,27,CHA,PF,2,0,10,0,1,0,0,0,,0,1,0,0,0,0,,0,2,2,0,1,0,0,1,0,0,
482,Royce White,22,SAC,PF,3,0,9,0,1,0,0,0,,0,1,0,0,0,0,,0,0,0,0,0,0,0,2,0,0,
,League Average,,,,,,,,,0.454,,,0.36,,,0.488,0.501,,,0.756,,,,,,,,,,,